Workbook

Sheet Dashboard
A1: 🏎 CAR DEALERSHIP — SALES COMMAND CENTER
A3: Season 2025 · all KPIs and charts are formula-driven — paste your own sales log into Data
B5: TOTAL REVENUE
B6: =SUM(Data!F2:F145)
B8: CARS SOLD
B9: =COUNTA(Data!A2:A145)
B11: AVG SALE PRICE
B12: =AVERAGE(Data!F2:F145)
B14: TOP MODEL
B15: =INDEX(Calc!A2:A7,MATCH(MAX(Calc!B2:B7),Calc!B2:B7,0))
B18: 🏆 SALESPERSON LEADERBOARD
B19: RANK | C19: SALESPERSON | D19: REVENUE
B20: 1 | C20: Sorin Ilie | D20: =SUMIF(Data!$C$2:$C$145,C20,Data!$F$2:$F$145)
B21: 2 | C21: Ioana Vlad | D21: =SUMIF(Data!$C$2:$C$145,C21,Data!$F$2:$F$145)
B22: 3 | C22: Alexandra Ene | D22: =SUMIF(Data!$C$2:$C$145,C22,Data!$F$2:$F$145)
B23: 4 | C23: Andrei Munteanu | D23: =SUMIF(Data!$C$2:$C$145,C23,Data!$F$2:$F$145)
B24: 5 | C24: Cristian Dinu | D24: =SUMIF(Data!$C$2:$C$145,C24,Data!$F$2:$F$145)

Sheet Data
A1: Date | B1: Month | C1: Salesperson | D1: Model | E1: Fuel | F1: Price
A2: 45672 | B2: 2025-01 | C2: Sorin Ilie | D2: Renault Clio | E2: Diesel | F2: 18814
A3: 45678 | B3: 2025-01 | C3: Sorin Ilie | D3: Dacia Sandero | E3: Diesel | F3: 16897
A4: 45662 | B4: 2025-01 | C4: Alexandra Ene | D4: Dacia Logan | E4: Petrol | F4: 12242
A5: 45670 | B5: 2025-01 | C5: Andrei Munteanu | D5: Skoda Octavia | E5: Electric | F5: 25877
A6: 45663 | B6: 2025-01 | C6: Sorin Ilie | D6: VW Golf | E6: Petrol | F6: 27325
A7: 45659 | B7: 2025-01 | C7: Andrei Munteanu | D7: Skoda Octavia | E7: Diesel | F7: 21487
A8: 45682 | B8: 2025-01 | C8: Sorin Ilie | D8: Dacia Sandero | E8: Electric | F8: 13246
A9: 45684 | B9: 2025-01 | C9: Alexandra Ene | D9: Dacia Duster | E9: Diesel | F9: 23341
A10: 45667 | B10: 2025-01 | C10: Ioana Vlad | D10: Skoda Octavia | E10: Electric | F10: 26245
A11: 45678 | B11: 2025-01 | C11: Andrei Munteanu | D11: Dacia Logan | E11: Hybrid | F11: 12873
A12: 45680 | B12: 2025-01 | C12: Sorin Ilie | D12: Renault Clio | E12: Hybrid | F12: 15681
A13: 45667 | B13: 2025-01 | C13: Ioana Vlad | D13: Dacia Duster | E13: Petrol | F13: 22701
... A145: 46011 | B145: 2025-12 | C145: Andrei Munteanu | D145: VW Golf | E145: Petrol | F145: 26500

Sheet Calc
A1: Model | B1: Revenue | D1: Month | E1: Revenue | G1: Fuel | H1: Revenue
A2: Dacia Logan | B2: =SUMIF(Data!$D$2:$D$145,A2,Data!$F$2:$F$145) | D2: 2025-01 | E2: =SUMIF(Data!$B$2:$B$145,D2,Data!$F$2:$F$145) | G2: Petrol | H2: =SUMIF(Data!$E$2:$E$145,G2,Data!$F$2:$F$145)
A3: Dacia Sandero | B3: =SUMIF(Data!$D$2:$D$145,A3,Data!$F$2:$F$145) | D3: 2025-02 | E3: =SUMIF(Data!$B$2:$B$145,D3,Data!$F$2:$F$145) | G3: Diesel | H3: =SUMIF(Data!$E$2:$E$145,G3,Data!$F$2:$F$145)
A4: Dacia Duster | B4: =SUMIF(Data!$D$2:$D$145,A4,Data!$F$2:$F$145) | D4: 2025-03 | E4: =SUMIF(Data!$B$2:$B$145,D4,Data!$F$2:$F$145) | G4: Hybrid | H4: =SUMIF(Data!$E$2:$E$145,G4,Data!$F$2:$F$145)
A5: Renault Clio | B5: =SUMIF(Data!$D$2:$D$145,A5,Data!$F$2:$F$145) | D5: 2025-04 | E5: =SUMIF(Data!$B$2:$B$145,D5,Data!$F$2:$F$145) | G5: Electric | H5: =SUMIF(Data!$E$2:$E$145,G5,Data!$F$2:$F$145)
A6: Skoda Octavia | B6: =SUMIF(Data!$D$2:$D$145,A6,Data!$F$2:$F$145) | D6: 2025-05 | E6: =SUMIF(Data!$B$2:$B$145,D6,Data!$F$2:$F$145)
A7: VW Golf | B7: =SUMIF(Data!$D$2:$D$145,A7,Data!$F$2:$F$145) | D7: 2025-06 | E7: =SUMIF(Data!$B$2:$B$145,D7,Data!$F$2:$F$145)
D8: 2025-07 | E8: =SUMIF(Data!$B$2:$B$145,D8,Data!$F$2:$F$145)
D9: 2025-08 | E9: =SUMIF(Data!$B$2:$B$145,D9,Data!$F$2:$F$145)
D10: 2025-09 | E10: =SUMIF(Data!$B$2:$B$145,D10,Data!$F$2:$F$145)
D11: 2025-10 | E11: =SUMIF(Data!$B$2:$B$145,D11,Data!$F$2:$F$145)
D12: 2025-11 | E12: =SUMIF(Data!$B$2:$B$145,D12,Data!$F$2:$F$145)
D13: 2025-12 | E13: =SUMIF(Data!$B$2:$B$145,D13,Data!$F$2:$F$145)
