Workbook

Sheet Dashboard
A1: 💳 CUSTOMER PAYMENTS — COLLECTIONS CONTROL
A3: Accounts receivable 2026 · collected vs outstanding vs overdue · status chips auto-colored in Data
B5: TOTAL INVOICED | E5: COLLECTED | H5: OUTSTANDING | K5: OVERDUE AMOUNT
B6: =SUM(Data!F2:F121) | E6: =SUMIF(Data!G2:G121,"Paid",Data!F2:F121) | H6: =SUM(Data!F2:F121)-SUMIF(Data!G2:G121,"Paid",Data!F2:F121) | K6: =SUMIF(Data!G2:G121,"Overdue",Data!F2:F121)
B8: ⏳ OVERDUE AGING
B9: AGE BUCKET | C9: AMOUNT | D9: % OF OVERDUE
B10: =Calc!M2 | C10: =Calc!N2 | D10: =IF(SUM(C10:C13)=0,0,C10/SUM(C$10:C$13))
B11: =Calc!M3 | C11: =Calc!N3 | D11: =IF(SUM(C10:C13)=0,0,C11/SUM(C$10:C$13))
B12: =Calc!M4 | C12: =Calc!N4 | D12: =IF(SUM(C10:C13)=0,0,C12/SUM(C$10:C$13))
B13: =Calc!M5 | C13: =Calc!N5 | D13: =IF(SUM(C10:C13)=0,0,C13/SUM(C$10:C$13))
B14: TOTAL | C14: =SUM(C10:C13)

Sheet Data
A1: Invoice No | B1: Client | C1: Month | D1: Issue Date | E1: Due Date | F1: Amount | G1: Status | H1: Days Overdue
A2: INV-2026-001 | B2: Beta Media | C2: 2026-07 | D2: 46220 | E2: 46250 | F2: 1130.33 | G2: Paid | H2: =IF(G2="Overdue",DATE(2026,10,1)-E2,0)
A3: INV-2026-002 | B3: Beta Media | C3: 2026-04 | D3: 46122 | E3: 46152 | F3: 2972.84 | G3: Paid | H3: =IF(G3="Overdue",DATE(2026,10,1)-E3,0)
A4: INV-2026-003 | B4: Epsilon Tech | C4: 2026-02 | D4: 46059 | E4: 46089 | F4: 3559.5 | G4: Overdue | H4: =IF(G4="Overdue",DATE(2026,10,1)-E4,0)
A5: INV-2026-004 | B5: Zeta Logistics | C5: 2026-07 | D5: 46222 | E5: 46252 | F5: 1983.94 | G5: Paid | H5: =IF(G5="Overdue",DATE(2026,10,1)-E5,0)
A6: INV-2026-005 | B6: Gamma Retail | C6: 2026-06 | D6: 46200 | E6: 46230 | F6: 826.45 | G6: Paid | H6: =IF(G6="Overdue",DATE(2026,10,1)-E6,0)
A7: INV-2026-006 | B7: Zeta Logistics | C7: 2026-02 | D7: 46072 | E7: 46102 | F7: 806.27 | G7: Paid | H7: =IF(G7="Overdue",DATE(2026,10,1)-E7,0)
A8: INV-2026-007 | B8: Beta Media | C8: 2026-05 | D8: 46144 | E8: 46174 | F8: 2543.22 | G8: Paid | H8: =IF(G8="Overdue",DATE(2026,10,1)-E8,0)
A9: INV-2026-008 | B9: Delta Foods | C9: 2026-04 | D9: 46119 | E9: 46149 | F9: 3949.83 | G9: Paid | H9: =IF(G9="Overdue",DATE(2026,10,1)-E9,0)
A10: INV-2026-009 | B10: Eta Pharma | C10: 2026-01 | D10: 46044 | E10: 46074 | F10: 3636.35 | G10: Pending | H10: =IF(G10="Overdue",DATE(2026,10,1)-E10,0)
A11: INV-2026-010 | B11: Theta Style | C11: 2026-06 | D11: 46185 | E11: 46215 | F11: 3072.88 | G11: Overdue | H11: =IF(G11="Overdue",DATE(2026,10,1)-E11,0)
A12: INV-2026-011 | B12: Theta Style | C12: 2026-09 | D12: 46270 | E12: 46300 | F12: 4969.5 | G12: Paid | H12: =IF(G12="Overdue",DATE(2026,10,1)-E12,0)
A13: INV-2026-012 | B13: Alfa Construct | C13: 2026-06 | D13: 46193 | E13: 46223 | F13: 1606.46 | G13: Overdue | H13: =IF(G13="Overdue",DATE(2026,10,1)-E13,0)
... A121: INV-2026-120 | B121: Eta Pharma | C121: 2026-07 | D121: 46205 | E121: 46235 | F121: 2422.8 | G121: Overdue | H121: =IF(G121="Overdue",DATE(2026,10,1)-E121,0)

Sheet Calc
A1: Status | B1: Amount | D1: Month | E1: Invoiced | G1: Client | H1: Outstanding | J1: Status | K1: Invoices | M1: Aging | N1: Amount
A2: Paid | B2: =SUMIF(Data!$G$2:$G$121,A2,Data!$F$2:$F$121) | D2: 2026-01 | E2: =SUMIF(Data!$C$2:$C$121,D2,Data!$F$2:$F$121) | G2: Alfa Construct | H2: =SUMIFS(Data!$F$2:$F$121,Data!$B$2:$B$121,G2,Data!$G$2:$G$121,"<>Paid") | J2: Paid | K2: =COUNTIF(Data!$G$2:$G$121,J2) | M2: 1-30 days | N2: =SUMIFS(Data!$F$2:$F$121,Data!$H$2:$H$121,">=1",Data!$H$2:$H$121,"<=30")
A3: Overdue | B3: =SUMIF(Data!$G$2:$G$121,A3,Data!$F$2:$F$121) | D3: 2026-02 | E3: =SUMIF(Data!$C$2:$C$121,D3,Data!$F$2:$F$121) | G3: Beta Media | H3: =SUMIFS(Data!$F$2:$F$121,Data!$B$2:$B$121,G3,Data!$G$2:$G$121,"<>Paid") | J3: Overdue | K3: =COUNTIF(Data!$G$2:$G$121,J3) | M3: 31-60 days | N3: =SUMIFS(Data!$F$2:$F$121,Data!$H$2:$H$121,">=1",Data!$H$2:$H$121,"<=30")
A4: Pending | B4: =SUMIF(Data!$G$2:$G$121,A4,Data!$F$2:$F$121) | D4: 2026-03 | E4: =SUMIF(Data!$C$2:$C$121,D4,Data!$F$2:$F$121) | G4: Gamma Retail | H4: =SUMIFS(Data!$F$2:$F$121,Data!$B$2:$B$121,G4,Data!$G$2:$G$121,"<>Paid") | J4: Pending | K4: =COUNTIF(Data!$G$2:$G$121,J4) | M4: 61-90 days | N4: =SUMIFS(Data!$F$2:$F$121,Data!$H$2:$H$121,">=1",Data!$H$2:$H$121,"<=30")
D5: 2026-04 | E5: =SUMIF(Data!$C$2:$C$121,D5,Data!$F$2:$F$121) | G5: Delta Foods | H5: =SUMIFS(Data!$F$2:$F$121,Data!$B$2:$B$121,G5,Data!$G$2:$G$121,"<>Paid") | M5: =SUMIFS(Data!$F$2:$F$121,Data!$H$2:$H$121,">=31",Data!$H$2:$H$121,"<=60") | N5: =SUMIFS(Data!$F$2:$F$121,Data!$H$2:$H$121,">=1",Data!$H$2:$H$121,"<=30")
D6: 2026-05 | E6: =SUMIF(Data!$C$2:$C$121,D6,Data!$F$2:$F$121) | G6: Epsilon Tech | H6: =SUMIFS(Data!$F$2:$F$121,Data!$B$2:$B$121,G6,Data!$G$2:$G$121,"<>Paid") | M6: =SUMIFS(Data!$F$2:$F$121,Data!$H$2:$H$121,">=61",Data!$H$2:$H$121,"<=90")
D7: 2026-06 | E7: =SUMIF(Data!$C$2:$C$121,D7,Data!$F$2:$F$121) | G7: Zeta Logistics | H7: =SUMIFS(Data!$F$2:$F$121,Data!$B$2:$B$121,G7,Data!$G$2:$G$121,"<>Paid") | M7: =SUMIFS(Data!$F$2:$F$121,Data!$H$2:$H$121,">=91")
D8: 2026-07 | E8: =SUMIF(Data!$C$2:$C$121,D8,Data!$F$2:$F$121) | G8: Eta Pharma | H8: =SUMIFS(Data!$F$2:$F$121,Data!$B$2:$B$121,G8,Data!$G$2:$G$121,"<>Paid")
D9: 2026-08 | E9: =SUMIF(Data!$C$2:$C$121,D9,Data!$F$2:$F$121) | G9: Theta Style | H9: =SUMIFS(Data!$F$2:$F$121,Data!$B$2:$B$121,G9,Data!$G$2:$G$121,"<>Paid")
D10: 2026-09 | E10: =SUMIF(Data!$C$2:$C$121,D10,Data!$F$2:$F$121)
