Workbook

Sheet Dashboard
A1: EMPLOYEE ATTENDANCE REPORT 2026
A3: Monthly tracking - attendance rate, late days and absences per employee & department
B4: AVG ATTENDANCE RATE | E4: TOTAL LATE DAYS | H4: TOTAL ABSENT DAYS | K4: PERFECT MONTHS
B5: =AVERAGE(Data!H2:H121) | E5: =SUM(Data!E2:E121) | H5: =SUM(Data!F2:F121) | K5: =COUNTIF(Data!H2:H121,1)
B7: BEST DEPARTMENT | E7: TOP EMPLOYEE | H7: MOST LATE DAYS | K7: BEST MONTH
B8: =INDEX(Calc!A2:A6,MATCH(MAX(Calc!B2:B6),Calc!B2:B6,0)) | E8: =INDEX(Calc!J2:J11,MATCH(MAX(Calc!K2:K11),Calc!K2:K11,0)) | H8: =INDEX(Calc!G2:G11,MATCH(MAX(Calc!H2:H11),Calc!H2:H11,0)) | K8: =INDEX(Calc!D2:D13,MATCH(MAX(Calc!E2:E13),Calc!E2:E13,0))

Sheet Data
A1: Month | B1: Employee | C1: Department | D1: Days Present | E1: Days Late | F1: Days Absent | G1: Days Off | H1: Attendance Rate
A2: 2026-01 | B2: Ana Marinescu | C2: Sales | D2: 18 | E2: 1 | F2: 1 | G2: 2 | H2: =D2/22
A3: 2026-01 | B3: Bogdan Radu | C3: Sales | D3: 14 | E3: 4 | F3: 3 | G3: 1 | H3: =D3/22
A4: 2026-01 | B4: Carmen Popa | C4: Operations | D4: 15 | E4: 4 | F4: 1 | G4: 2 | H4: =D4/22
A5: 2026-01 | B5: David Stan | C5: Operations | D5: 14 | E5: 4 | F5: 2 | G5: 2 | H5: =D5/22
A6: 2026-01 | B6: Elena Vasile | C6: HR | D6: 16 | E6: 2 | F6: 3 | G6: 1 | H6: =D6/22
A7: 2026-01 | B7: Filip Barbu | C7: HR | D7: 18 | E7: 2 | F7: 0 | G7: 2 | H7: =D7/22
A8: 2026-01 | B8: Georgiana Mara | C8: Finance | D8: 15 | E8: 4 | F8: 2 | G8: 1 | H8: =D8/22
A9: 2026-01 | B9: Horia Lazarescu | C9: Finance | D9: 17 | E9: 4 | F9: 0 | G9: 1 | H9: =D9/22
A10: 2026-01 | B10: Ingrid Marinescu | C10: IT | D10: 15 | E10: 2 | F10: 3 | G10: 2 | H10: =D10/22
A11: 2026-01 | B11: Julian Petrescu | C11: IT | D11: 20 | E11: 0 | F11: 1 | G11: 1 | H11: =D11/22
A12: 2026-02 | B12: Ana Marinescu | C12: Sales | D12: 18 | E12: 2 | F12: 2 | G12: 0 | H12: =D12/22
A13: 2026-02 | B13: Bogdan Radu | C13: Sales | D13: 20 | E13: 2 | F13: 0 | G13: 0 | H13: =D13/22
... A121: 2026-12 | B121: Julian Petrescu | C121: IT | D121: 16 | E121: 2 | F121: 3 | G121: 1 | H121: =D121/22

Sheet Calc
A1: Department | B1: Avg Rate | D1: Month | E1: Avg Rate | G1: Employee | H1: Total Late Days | J1: Employee | K1: Avg Rate
A2: Finance | B2: =AVERAGEIF(Data!$C$2:$C$121,A2,Data!$H$2:$H$121) | D2: 2026-01 | E2: =AVERAGEIF(Data!$A$2:$A$121,D2,Data!$H$2:$H$121) | G2: Ana Marinescu | H2: =SUMIF(Data!$B$2:$B$121,G2,Data!$E$2:$E$121) | J2: Ana Marinescu | K2: =AVERAGEIF(Data!$B$2:$B$121,J2,Data!$H$2:$H$121)
A3: HR | B3: =AVERAGEIF(Data!$C$2:$C$121,A3,Data!$H$2:$H$121) | D3: 2026-02 | E3: =AVERAGEIF(Data!$A$2:$A$121,D3,Data!$H$2:$H$121) | G3: Bogdan Radu | H3: =SUMIF(Data!$B$2:$B$121,G3,Data!$E$2:$E$121) | J3: Bogdan Radu | K3: =AVERAGEIF(Data!$B$2:$B$121,J3,Data!$H$2:$H$121)
A4: IT | B4: =AVERAGEIF(Data!$C$2:$C$121,A4,Data!$H$2:$H$121) | D4: 2026-03 | E4: =AVERAGEIF(Data!$A$2:$A$121,D4,Data!$H$2:$H$121) | G4: Carmen Popa | H4: =SUMIF(Data!$B$2:$B$121,G4,Data!$E$2:$E$121) | J4: Carmen Popa | K4: =AVERAGEIF(Data!$B$2:$B$121,J4,Data!$H$2:$H$121)
A5: Operations | B5: =AVERAGEIF(Data!$C$2:$C$121,A5,Data!$H$2:$H$121) | D5: 2026-04 | E5: =AVERAGEIF(Data!$A$2:$A$121,D5,Data!$H$2:$H$121) | G5: David Stan | H5: =SUMIF(Data!$B$2:$B$121,G5,Data!$E$2:$E$121) | J5: David Stan | K5: =AVERAGEIF(Data!$B$2:$B$121,J5,Data!$H$2:$H$121)
A6: Sales | B6: =AVERAGEIF(Data!$C$2:$C$121,A6,Data!$H$2:$H$121) | D6: 2026-05 | E6: =AVERAGEIF(Data!$A$2:$A$121,D6,Data!$H$2:$H$121) | G6: Elena Vasile | H6: =SUMIF(Data!$B$2:$B$121,G6,Data!$E$2:$E$121) | J6: Elena Vasile | K6: =AVERAGEIF(Data!$B$2:$B$121,J6,Data!$H$2:$H$121)
D7: 2026-06 | E7: =AVERAGEIF(Data!$A$2:$A$121,D7,Data!$H$2:$H$121) | G7: Filip Barbu | H7: =SUMIF(Data!$B$2:$B$121,G7,Data!$E$2:$E$121) | J7: Filip Barbu | K7: =AVERAGEIF(Data!$B$2:$B$121,J7,Data!$H$2:$H$121)
D8: 2026-07 | E8: =AVERAGEIF(Data!$A$2:$A$121,D8,Data!$H$2:$H$121) | G8: Georgiana Mara | H8: =SUMIF(Data!$B$2:$B$121,G8,Data!$E$2:$E$121) | J8: Georgiana Mara | K8: =AVERAGEIF(Data!$B$2:$B$121,J8,Data!$H$2:$H$121)
D9: 2026-08 | E9: =AVERAGEIF(Data!$A$2:$A$121,D9,Data!$H$2:$H$121) | G9: Horia Lazarescu | H9: =SUMIF(Data!$B$2:$B$121,G9,Data!$E$2:$E$121) | J9: Horia Lazarescu | K9: =AVERAGEIF(Data!$B$2:$B$121,J9,Data!$H$2:$H$121)
D10: 2026-09 | E10: =AVERAGEIF(Data!$A$2:$A$121,D10,Data!$H$2:$H$121) | G10: Ingrid Marinescu | H10: =SUMIF(Data!$B$2:$B$121,G10,Data!$E$2:$E$121) | J10: Ingrid Marinescu | K10: =AVERAGEIF(Data!$B$2:$B$121,J10,Data!$H$2:$H$121)
D11: 2026-10 | E11: =AVERAGEIF(Data!$A$2:$A$121,D11,Data!$H$2:$H$121) | G11: Julian Petrescu | H11: =SUMIF(Data!$B$2:$B$121,G11,Data!$E$2:$E$121) | J11: Julian Petrescu | K11: =AVERAGEIF(Data!$B$2:$B$121,J11,Data!$H$2:$H$121)
D12: 2026-11 | E12: =AVERAGEIF(Data!$A$2:$A$121,D12,Data!$H$2:$H$121)
D13: 2026-12 | E13: =AVERAGEIF(Data!$A$2:$A$121,D13,Data!$H$2:$H$121)
