Workbook

Sheet Dashboard
A1: 📊 SALES PERFORMANCE — RAW TO REFINED
A3: Built from a messy client export · every figure recalculates when the data changes
B5: TOTAL REVENUE 2026 | F5: ORDERS | I5: UNITS SOLD | L5: AVG ORDER VALUE
B6: =SUM(Cleaned!H2:H121) | F6: =COUNTA(Cleaned!A2:A121) | I6: =SUM(Cleaned!F2:F121) | L6: =AVERAGE(Cleaned!H2:H121)
B9: TOP SALESPERSON | F9: TOP PRODUCT | I9: BEST REGION | L9: TOP MONTH
B10: =INDEX(Calc!J2:J5,MATCH(MAX(Calc!K2:K5),Calc!K2:K5,0)) | F10: =INDEX(Calc!G2:G4,MATCH(MAX(Calc!H2:H4),Calc!H2:H4,0)) | I10: =INDEX(Calc!A2:A5,MATCH(MAX(Calc!B2:B5),Calc!B2:B5,0)) | L10: =INDEX(Calc!D2:D13,MATCH(MAX(Calc!E2:E13),Calc!E2:E13,0))

Sheet ReadMe
B2: SALES DASHBOARD — RAW TO REFINED (PROJECT DEMO)
B4: STEP 1 — WHAT THE CLIENT SENT
B5: A messy export: text dates, lowercase names, trailing spaces, no revenue column, zero formatting. See sheet 'Raw Data'.
B7: STEP 2 — WHAT THEY GOT BACK
B8: • Cleaned Data sheet: standardized dates, regions, products + live Revenue column
B9: • Dashboard: hero KPI, mini-KPIs, area trend, region & product mix — 100% formula-driven
B10: • Paste new data in and every number and chart refreshes automatically
B12: TECH USED
B13: SUMIF aggregation · INDEX/MATCH for top performers · dynamic chart ranges · professional formatting

Sheet Raw Data
A1: Date | B1: region | C1: product | D1: Salesperson | E1: Units | F1: Unit Price
A2: 24/01/2026 | B2: north | C2: widget a | D2: Ana Popescu | E2: 14 | F2: 12.5
A3: 12/01/2026 | B3: south | C3: widget b | D3: Radu Georgescu | E3: 10 | F3: 24.9
A4: 13/01/2026 | B4: west | C4: widget b | D4: Radu Georgescu | E4: 37 | F4: 24.9
A5: 02/01/2026 | B5: north | C5: widget c | D5: Ana Popescu | E5: 21 | F5: 49.0
A6: 13/01/2026 | B6: west | C6: widget a | D6: Radu Georgescu | E6: 8 | F6: 12.5
A7: 07/01/2026 | B7: south | C7: widget a | D7: Elena Dumitru | E7: 53 | F7: 12.5
A8: 27/01/2026 | B8: east | C8: widget a | D8: Elena Dumitru | E8: 11 | F8: 12.5
A9: 07/01/2026 | B9: east | C9: widget b | D9: Mihai Ionescu | E9: 44 | F9: 24.9
A10: 18/01/2026 | B10: south | C10: widget a | D10: Mihai Ionescu | E10: 24 | F10: 12.5
A11: 27/01/2026 | B11: east | C11: widget c | D11: Radu Georgescu | E11: 13 | F11: 49.0
A12: 24/02/2026 | B12: west | C12: widget c | D12: Ana Popescu | E12: 43 | F12: 49.0
A13: 23/02/2026 | B13: east | C13: widget a | D13: Elena Dumitru | E13: 57 | F13: 12.5
... A122: 02/01/2026 | B122: north | C122: widget c | D122: Ana Popescu | E122: 21 | F122: 49.0

Sheet Cleaned Data
A1: Date | B1: Month | C1: Region | D1: Product | E1: Salesperson | F1: Units | G1: Unit Price | H1: Revenue
A2: 46039 | B2: 2026-01 | C2: South | D2: Widget A | E2: Radu Georgescu | F2: 21 | G2: 12.5 | H2: =F2*G2
A3: 46031 | B3: 2026-01 | C3: North | D3: Widget C | E3: Radu Georgescu | F3: 28 | G3: 49 | H3: =F3*G3
A4: 46041 | B4: 2026-01 | C4: North | D4: Widget A | E4: Radu Georgescu | F4: 42 | G4: 12.5 | H4: =F4*G4
A5: 46033 | B5: 2026-01 | C5: South | D5: Widget A | E5: Elena Dumitru | F5: 11 | G5: 12.5 | H5: =F5*G5
A6: 46042 | B6: 2026-01 | C6: East | D6: Widget B | E6: Ana Popescu | F6: 50 | G6: 24.9 | H6: =F6*G6
A7: 46029 | B7: 2026-01 | C7: West | D7: Widget A | E7: Radu Georgescu | F7: 21 | G7: 12.5 | H7: =F7*G7
A8: 46047 | B8: 2026-01 | C8: North | D8: Widget A | E8: Mihai Ionescu | F8: 38 | G8: 12.5 | H8: =F8*G8
A9: 46035 | B9: 2026-01 | C9: South | D9: Widget A | E9: Elena Dumitru | F9: 20 | G9: 12.5 | H9: =F9*G9
A10: 46046 | B10: 2026-01 | C10: South | D10: Widget B | E10: Ana Popescu | F10: 31 | G10: 24.9 | H10: =F10*G10
A11: 46029 | B11: 2026-01 | C11: North | D11: Widget B | E11: Mihai Ionescu | F11: 28 | G11: 24.9 | H11: =F11*G11
A12: 46078 | B12: 2026-02 | C12: South | D12: Widget B | E12: Mihai Ionescu | F12: 60 | G12: 24.9 | H12: =F12*G12
A13: 46073 | B13: 2026-02 | C13: East | D13: Widget B | E13: Elena Dumitru | F13: 12 | G13: 24.9 | H13: =F13*G13
... A121: 46377 | B121: 2026-12 | C121: North | D121: Widget B | E121: Elena Dumitru | F121: 12 | G121: 24.9 | H121: =F121*G121

Sheet Calc
A1: Region | B1: Revenue | D1: Month | E1: Revenue | G1: Product | H1: Revenue | J1: Salesperson | K1: Revenue
A2: North | B2: =SUMIF(Cleaned!$C$2:$C$121,A2,Cleaned!$H$2:$H$121) | D2: 2026-01 | E2: =SUMIF(Cleaned!$B$2:$B$121,D2,Cleaned!$H$2:$H$121) | G2: Widget A | H2: =SUMIF(Cleaned!$D$2:$D$121,G2,Cleaned!$H$2:$H$121) | J2: Ana Popescu | K2: =SUMIF(Cleaned!$E$2:$E$121,J2,Cleaned!$H$2:$H$121)
A3: South | B3: =SUMIF(Cleaned!$C$2:$C$121,A3,Cleaned!$H$2:$H$121) | D3: 2026-02 | E3: =SUMIF(Cleaned!$B$2:$B$121,D3,Cleaned!$H$2:$H$121) | G3: Widget B | H3: =SUMIF(Cleaned!$D$2:$D$121,G3,Cleaned!$H$2:$H$121) | J3: Mihai Ionescu | K3: =SUMIF(Cleaned!$E$2:$E$121,J3,Cleaned!$H$2:$H$121)
A4: East | B4: =SUMIF(Cleaned!$C$2:$C$121,A4,Cleaned!$H$2:$H$121) | D4: 2026-03 | E4: =SUMIF(Cleaned!$B$2:$B$121,D4,Cleaned!$H$2:$H$121) | G4: Widget C | H4: =SUMIF(Cleaned!$D$2:$D$121,G4,Cleaned!$H$2:$H$121) | J4: Elena Dumitru | K4: =SUMIF(Cleaned!$E$2:$E$121,J4,Cleaned!$H$2:$H$121)
A5: West | B5: =SUMIF(Cleaned!$C$2:$C$121,A5,Cleaned!$H$2:$H$121) | D5: 2026-04 | E5: =SUMIF(Cleaned!$B$2:$B$121,D5,Cleaned!$H$2:$H$121) | J5: Radu Georgescu | K5: =SUMIF(Cleaned!$E$2:$E$121,J5,Cleaned!$H$2:$H$121)
D6: 2026-05 | E6: =SUMIF(Cleaned!$B$2:$B$121,D6,Cleaned!$H$2:$H$121)
D7: 2026-06 | E7: =SUMIF(Cleaned!$B$2:$B$121,D7,Cleaned!$H$2:$H$121)
D8: 2026-07 | E8: =SUMIF(Cleaned!$B$2:$B$121,D8,Cleaned!$H$2:$H$121)
D9: 2026-08 | E9: =SUMIF(Cleaned!$B$2:$B$121,D9,Cleaned!$H$2:$H$121)
D10: 2026-09 | E10: =SUMIF(Cleaned!$B$2:$B$121,D10,Cleaned!$H$2:$H$121)
D11: 2026-10 | E11: =SUMIF(Cleaned!$B$2:$B$121,D11,Cleaned!$H$2:$H$121)
D12: 2026-11 | E12: =SUMIF(Cleaned!$B$2:$B$121,D12,Cleaned!$H$2:$H$121)
D13: 2026-12 | E13: =SUMIF(Cleaned!$B$2:$B$121,D13,Cleaned!$H$2:$H$121)
