Workbook

Sheet Dashboard
A1: RETAIL STORE - INVENTORY OVERVIEW
A3: Live formulas - replace Data with your stock export and everything updates
B4: TOTAL STOCK VALUE | E4: TOTAL SKUs | H4: LOW-STOCK ITEMS | K4: UNITS IN STOCK
B5: =SUM(Data!H2:H31) | E5: =COUNTA(Data!A2:A31) | H5: =SUMPRODUCT(--(Data!E2:E31<Data!F2:F31)) | K5: =SUM(Data!E2:E31)
B7: TOP CATEGORY | E7: HIGHEST-VALUE ITEM | H7: AVG ITEM VALUE | K7: MAIN SUPPLIER
B8: =INDEX(Calc!A2:A6,MATCH(MAX(Calc!B2:B6),Calc!B2:B6,0)) | E8: =INDEX(Data!C2:C31,MATCH(MAX(Data!H2:H31),Data!H2:H31,0)) | H8: =AVERAGE(Data!H2:H31) | K8: =INDEX(Calc!D2:D6,MATCH(MAX(Calc!E2:E6),Calc!E2:E6,0))

Sheet Data
A1: SKU | B1: Category | C1: Product | D1: Supplier | E1: Stock Qty | F1: Reorder Point | G1: Unit Cost | H1: Stock Value
A2: SKU-5433 | B2: Home & Kitchen | C2: Cookware Set | D2: EuroParts Trading | E2: 115 | F2: 20 | G2: 76.85 | H2: =E2*G2
A3: SKU-2002 | B3: Home & Kitchen | C3: Blender | D3: VestDistribution | E3: 161 | F3: 30 | G3: 43.88 | H3: =E3*G3
A4: SKU-1110 | B4: Clothing | C4: Sneakers | D4: NordSupply | E4: 122 | F4: 25 | G4: 47.57 | H4: =E4*G4
A5: SKU-9955 | B5: Clothing | C5: Winter Jacket | D5: GlobalWholesale | E5: 94 | F5: 25 | G5: 61.57 | H5: =E5*G5
A6: SKU-3934 | B6: Electronics | C6: Power Bank | D6: MegaImport | E6: 180 | F6: 40 | G6: 28.54 | H6: =E6*G6
A7: SKU-7441 | B7: Home & Kitchen | C7: Toaster | D7: VestDistribution | E7: 171 | F7: 50 | G7: 29.42 | H7: =E7*G7
A8: SKU-7708 | B8: Home & Kitchen | C8: Kettle | D8: GlobalWholesale | E8: 174 | F8: 25 | G8: 26.46 | H8: =E8*G8
A9: SKU-9755 | B9: Toys | C9: Board Game | D9: VestDistribution | E9: 129 | F9: 20 | G9: 29.81 | H9: =E9*G9
A10: SKU-4018 | B10: Electronics | C10: Wireless Mouse | D10: NordSupply | E10: 171 | F10: 30 | G10: 21.17 | H10: =E10*G10
A11: SKU-3205 | B11: Sports | C11: Yoga Mat | D11: EuroParts Trading | E11: 172 | F11: 20 | G11: 20.42 | H11: =E11*G11
A12: SKU-5527 | B12: Toys | C12: Plush Bear | D12: NordSupply | E12: 153 | F12: 40 | G12: 20.95 | H12: =E12*G12
A13: SKU-2483 | B13: Clothing | C13: Hoodie | D13: GlobalWholesale | E13: 96 | F13: 20 | G13: 29.32 | H13: =E13*G13
... A31: SKU-1793 | B31: Electronics | C31: Smart Watch Strap | D31: MegaImport | E31: 10 | F31: 50 | G31: 11.32 | H31: =E31*G31

Sheet Calc
A1: Category | B1: Stock Value | D1: Supplier | E1: Stock Value | G1: Top Product | H1: Stock Value | J1: Category | K1: Items in Stock
A2: Electronics | B2: =SUMIF(Data!$B$2:$B$31,A2,Data!$H$2:$H$31) | D2: NordSupply | E2: =SUMIF(Data!$D$2:$D$31,D2,Data!$H$2:$H$31) | G2: =Data!C2 | H2: =Data!H2 | J2: Electronics | K2: =SUMIF(Data!$B$2:$B$31,J2,Data!$E$2:$E$31)
A3: Home & Kitchen | B3: =SUMIF(Data!$B$2:$B$31,A3,Data!$H$2:$H$31) | D3: EuroParts Trading | E3: =SUMIF(Data!$D$2:$D$31,D3,Data!$H$2:$H$31) | G3: =Data!C3 | H3: =Data!H3 | J3: Home & Kitchen | K3: =SUMIF(Data!$B$2:$B$31,J3,Data!$E$2:$E$31)
A4: Clothing | B4: =SUMIF(Data!$B$2:$B$31,A4,Data!$H$2:$H$31) | D4: VestDistribution | E4: =SUMIF(Data!$D$2:$D$31,D4,Data!$H$2:$H$31) | G4: =Data!C4 | H4: =Data!H4 | J4: Clothing | K4: =SUMIF(Data!$B$2:$B$31,J4,Data!$E$2:$E$31)
A5: Sports | B5: =SUMIF(Data!$B$2:$B$31,A5,Data!$H$2:$H$31) | D5: GlobalWholesale | E5: =SUMIF(Data!$D$2:$D$31,D5,Data!$H$2:$H$31) | G5: =Data!C5 | H5: =Data!H5 | J5: Sports | K5: =SUMIF(Data!$B$2:$B$31,J5,Data!$E$2:$E$31)
A6: Toys | B6: =SUMIF(Data!$B$2:$B$31,A6,Data!$H$2:$H$31) | D6: MegaImport | E6: =SUMIF(Data!$D$2:$D$31,D6,Data!$H$2:$H$31) | G6: =Data!C6 | H6: =Data!H6 | J6: Toys | K6: =SUMIF(Data!$B$2:$B$31,J6,Data!$E$2:$E$31)
G7: =Data!C7 | H7: =Data!H7
G8: =Data!C8 | H8: =Data!H8
G9: =Data!C9 | H9: =Data!H9
G10: =Data!C10 | H10: =Data!H10
G11: =Data!C11 | H11: =Data!H11
